id,consultant_id,service_type,title,description,prices,price_descriptions,delivery_type,standard_turnaround_hours,duration_minutes,rush_available,rush_turnarounds,max_active_orders,is_active,allows_group_sessions,max_group_size,total_bookings,avg_rating,metadata,created_at,updated_at
90d9fc8a-7013-4592-ab14-ea2fe82c18c5,a948a7a6-7535-45c1-95dc-6ebb8fa72b34,essay_review,Comprehensive Essay Review,"In-depth review of your college essays with line-by-line feedback, structural suggestions, and content recommendations","{45,75,120}","{""Single Essay"",""2-3 Essays"",""Full Application""}",async,48,,true,"{""1.5x"": 24, ""2x"": 12, ""3x"": 6}",5,true,false,1,68,4.93,{},2025-05-30T18:45:02.695020Z,2025-05-30T18:45:02.695020Z
5d3c64dc-523d-44d9-93a2-8d8cfe331ec9,a948a7a6-7535-45c1-95dc-6ebb8fa72b34,mock_interview,Elite College Interview Prep,1-hour mock interview with Harvard interviewer experience,{85},"{""60 Minutes""}",scheduled,,60,false,{},5,true,false,1,42,4.9,{},2025-05-31T18:45:02.695039Z,2025-05-31T18:45:02.695039Z
dea8c96d-c2e3-462f-9595-8475dc1d0cd3,a948a7a6-7535-45c1-95dc-6ebb8fa72b34,application_strategy,Full Application Strategy Session,Comprehensive review of your entire application strategy,{150},"{""90 Minutes""}",scheduled,,90,false,{},5,true,false,1,22,4.95,{},2025-06-01T18:45:02.695050Z,2025-06-01T18:45:02.695050Z
c7fcd629-8bf1-4334-bb2e-1a3a96867dc2,a948a7a6-7535-45c1-95dc-6ebb8fa72b34,school_list_help,School Selection Consultation,Personalized school list based on your profile and goals,{65},"{""Standard""}",async,24,,true,"{""1.5x"": 24, ""2x"": 12, ""3x"": 6}",5,true,false,1,10,4.88,{},2025-06-02T18:45:02.695058Z,2025-06-02T18:45:02.695058Z
304dc9b9-d39b-4e27-81c9-9ce10ccf0ab1,f287b0f4-6204-40ae-9272-592af357cc80,resume_help,Tech Resume Optimization,ATS-optimized resume for FAANG and tech companies,"{40,65}","{""Review Only"",""Full Rewrite""}",async,24,,true,"{""1.5x"": 24, ""2x"": 12, ""3x"": 6}",5,true,false,1,45,4.87,{},2025-05-30T18:45:02.695066Z,2025-05-30T18:45:02.695066Z
28821818-f330-49b3-97fc-48816bbd8483,f287b0f4-6204-40ae-9272-592af357cc80,mock_interview,Technical Interview Coaching,Leetcode-style interview with ex-Google intern,"{95,140}","{""1 Hour"",""1.5 Hours""}",scheduled,,60,false,{},5,true,true,4,38,4.89,{},2025-05-31T18:45:02.695072Z,2025-05-31T18:45:02.695072Z
49a3bef3-a933-45a8-8413-cfdafac719fd,f287b0f4-6204-40ae-9272-592af357cc80,coding_help,CS Project Review,Portfolio and GitHub profile optimization,{55},"{""Standard""}",async,48,,true,"{""1.5x"": 24, ""2x"": 12, ""3x"": 6}",5,true,false,1,15,4.85,{},2025-06-01T18:45:02.695079Z,2025-06-01T18:45:02.695079Z
175c4497-9f25-464c-b274-f0dea6c12c20,dfca436c-036a-4194-9b00-a821dd6591a4,sat_tutoring,SAT Math Intensive,Personalized SAT math prep from perfect scorer,"{65,95}","{""1 Hour"",""1.5 Hours""}",scheduled,,60,false,{},5,true,true,6,78,4.96,{},2025-05-30T18:45:02.695086Z,2025-05-30T18:45:02.695086Z
23d80158-34e9-492b-82cd-f03d9319406a,dfca436c-036a-4194-9b00-a821dd6591a4,sat_tutoring,SAT Full Test Strategy,Complete SAT strategy session with practice test review,{120},"{""2 Hours""}",scheduled,,120,false,{},5,true,false,1,32,4.94,{},2025-05-31T18:45:02.695092Z,2025-05-31T18:45:02.695092Z
208286d2-49d3-4c64-844a-9a152c6aa606,dfca436c-036a-4194-9b00-a821dd6591a4,application_help,STEM Application Review,MIT student reviews your STEM applications,"{50,80}","{""Single School"",""Multiple Schools""}",async,72,,true,"{""1.5x"": 24, ""2x"": 12, ""3x"": 6}",5,true,false,1,28,4.93,{},2025-06-01T18:45:02.695099Z,2025-06-01T18:45:02.695099Z
48711149-c206-44ea-bea5-89fcf3d49953,dfca436c-036a-4194-9b00-a821dd6591a4,essay_review,STEM Essay Excellence,Technical essay review for engineering applicants,"{40,65}","{""Quick Review"",""Deep Dive""}",async,48,,true,"{""1.5x"": 24, ""2x"": 12, ""3x"": 6}",5,true,false,1,18,4.97,{},2025-06-02T18:45:02.695105Z,2025-06-02T18:45:02.695105Z
e833fdef-82f4-43e3-af95-c45437ce7493,592147d1-1492-4d53-b4c7-09bfbb684c02,essay_review,Literary Essay Analysis,Yale English major perfects your essays,"{55,85,120}","{""Basic"",""Standard"",""Premium""}",async,48,,true,"{""1.5x"": 24, ""2x"": 12, ""3x"": 6}",5,false,false,1,52,4.76,{},2025-05-30T18:45:02.695112Z,2025-05-30T18:45:02.695112Z
d2a600b9-7d54-46dc-a357-76664eb5be86,592147d1-1492-4d53-b4c7-09bfbb684c02,school_specific_advice,Ivy League Insider Tips,Former admissions reader shares secrets,{75},"{""60 Minutes""}",scheduled,,60,false,{},5,false,false,1,20,4.73,{},2025-05-31T18:45:02.695118Z,2025-05-31T18:45:02.695118Z
f4835bae-52cd-4ba6-9a3f-7e2fd5de5ade,f1ca40f8-cb70-440e-b7d3-685fa42c5c1e,test_prep,MCAT Comprehensive Prep,524 scorer teaches MCAT strategy,"{85,125}","{""2 Hours"",""3 Hours""}",scheduled,,120,false,{},5,true,true,3,32,4.84,{},2025-05-30T18:45:02.695124Z,2025-05-30T18:45:02.695124Z
d673f620-0e1a-4c40-8f32-19a8fac86b64,f1ca40f8-cb70-440e-b7d3-685fa42c5c1e,application_help,Medical School Application Review,Complete med school application guidance,"{65,95}","{""Primary App"",""Primary + Secondaries""}",async,72,,true,"{""1.5x"": 24, ""2x"": 12, ""3x"": 6}",5,true,false,1,18,4.81,{},2025-05-31T18:45:02.695130Z,2025-05-31T18:45:02.695130Z
2369b30a-41e5-478c-9f19-b201c07beadc,f1ca40f8-cb70-440e-b7d3-685fa42c5c1e,mock_interview,Medical School Interview Prep,MMI and traditional interview practice,{90},"{""90 Minutes""}",scheduled,,90,false,{},5,true,false,1,8,4.78,{},2025-06-01T18:45:02.695136Z,2025-06-01T18:45:02.695136Z
6b259dcf-c7e3-4119-9a5e-cb90f734cf58,7cefd294-6775-497d-a13a-373eea813373,resume_help,MBA Resume Perfection,MBA Resume Perfection service description,{75},"{""Standard""}",async,,60,false,{},5,true,false,1,28,4.71,{},2025-06-04T18:45:02.695144Z,2025-06-04T18:45:02.695144Z
c9cd956b-8ba0-462e-bd70-a26eaf2e35aa,7cefd294-6775-497d-a13a-373eea813373,mock_interview,Case Interview Mastery,Case Interview Mastery service description,{120},"{""Standard""}",scheduled,48,,true,"{""1.5x"": 24, ""2x"": 12, ""3x"": 6}",5,true,false,1,17,4.69,{},2025-06-05T18:45:02.695153Z,2025-06-05T18:45:02.695153Z
72b2cb6e-1de2-4522-ad20-cb52ec965971,1684c912-8fc3-4d46-862a-c5e9177530a4,research_help,Research Proposal Writing,Research Proposal Writing service description,{85},"{""Standard""}",async,,60,false,{},5,true,false,1,18,4.86,{},2025-06-06T18:45:02.695162Z,2025-06-06T18:45:02.695162Z
777b9f4e-a9cc-4c77-b575-02bb04d405dc,1684c912-8fc3-4d46-862a-c5e9177530a4,application_help,Graduate School Applications,Graduate School Applications service description,{70},"{""Standard""}",async,48,,true,"{""1.5x"": 24, ""2x"": 12, ""3x"": 6}",5,true,false,1,14,4.83,{},2025-06-07T18:45:02.695169Z,2025-06-07T18:45:02.695169Z
0492c5d1-7d54-4912-bcb0-6f6b44bedd8e,ffd289d6-f731-49ef-980c-8f7cd8798f37,coding_help,Competitive Programming Coaching,Competitive Programming Coaching service description,{80},"{""Standard""}",scheduled,48,,true,"{""1.5x"": 24, ""2x"": 12, ""3x"": 6}",5,true,true,4,16,4.79,{},2025-06-08T18:45:02.695176Z,2025-06-08T18:45:02.695176Z
b6aff5fd-3b3c-4817-a9f0-3977ad1e3cec,ffd289d6-f731-49ef-980c-8f7cd8798f37,project_help,CS Portfolio Development,CS Portfolio Development service description,{65},"{""Standard""}",async,,60,false,{},5,true,false,1,12,4.77,{},2025-06-09T18:45:02.695183Z,2025-06-09T18:45:02.695183Z
b4c7b9c0-046f-401b-8a61-9ef43ca28ed1,639b801b-e0cd-4231-9139-0eda9cb7e39a,test_prep,LSAT Logic Games Mastery,LSAT Logic Games Mastery service description,{70},"{""Standard""}",async,48,,true,"{""1.5x"": 24, ""2x"": 12, ""3x"": 6}",5,true,false,1,28,4.89,{},2025-06-10T18:45:02.695190Z,2025-06-10T18:45:02.695190Z
9d05edad-fca2-4b74-993a-3691c254e570,639b801b-e0cd-4231-9139-0eda9cb7e39a,essay_review,Law School Personal Statement,Law School Personal Statement service description,{60},"{""Standard""}",async,48,,true,"{""1.5x"": 24, ""2x"": 12, ""3x"": 6}",5,true,false,1,15,4.87,{},2025-06-11T18:45:02.695196Z,2025-06-11T18:45:02.695196Z
cb2b25ba-3ea6-4761-9e1b-8bfc68951d84,639b801b-e0cd-4231-9139-0eda9cb7e39a,mock_interview,Law School Interview Prep,Law School Interview Prep service description,{75},"{""Standard""}",scheduled,48,,true,"{""1.5x"": 24, ""2x"": 12, ""3x"": 6}",5,true,false,1,5,4.85,{},2025-06-12T18:45:02.695202Z,2025-06-12T18:45:02.695202Z
9764ee24-cc2e-4f84-a233-421b4247eddd,751de371-730d-4bd3-9e89-620b5d68d490,portfolio_review,Art Portfolio Review,Art Portfolio Review service description,{45},"{""Standard""}",async,,60,false,{},5,true,false,1,10,4.66,{},2025-06-13T18:45:02.695209Z,2025-06-13T18:45:02.695209Z
4475d337-e61c-4d6e-96ea-19fe98c1a6be,de41442f-3642-4392-bf01-1e8bbec2f50a,application_help,Public Policy Applications,Public Policy Applications service description,{55},"{""Standard""}",async,48,,true,"{""1.5x"": 24, ""2x"": 12, ""3x"": 6}",5,true,false,1,8,4.73,{},2025-06-14T18:45:02.695215Z,2025-06-14T18:45:02.695215Z
9613d823-0e65-443e-b1bb-9e22529009ca,f3189645-f5b7-46ec-858e-45334978f713,writing_help,Journalism Writing Workshop,Journalism Writing Workshop service description,{40},"{""Standard""}",async,48,,true,"{""1.5x"": 24, ""2x"": 12, ""3x"": 6}",5,true,true,8,15,4.81,{},2025-06-15T18:45:02.695222Z,2025-06-15T18:45:02.695222Z
ef81d6d2-ab06-4d51-938d-0b9dd06a446f,c2ccddbe-8d8b-48af-ac98-a7e300af7cb8,interview_prep,Investment Banking Interview Prep,Investment Banking Interview Prep service description,{110},"{""Standard""}",scheduled,48,,true,"{""1.5x"": 24, ""2x"": 12, ""3x"": 6}",5,true,false,1,5,4.68,{},2025-06-16T18:45:02.695228Z,2025-06-16T18:45:02.695228Z
52495201-724e-4242-8bfb-38d0995490f7,cf427c87-f260-49fb-9ced-d62cd6f78318,business_help,Startup Pitch Deck Review,Startup Pitch Deck Review service description,{95},"{""Standard""}",async,,60,false,{},5,true,false,1,12,4.77,{},2025-06-17T18:45:02.695235Z,2025-06-17T18:45:02.695235Z
58262303-27ea-4b62-bac0-1d9a5fd53a0c,6e4ebdab-dad2-47ed-80b0-a444583756d5,essay_review,Creative Writing Excellence,Creative Writing Excellence service description,{50},"{""Standard""}",async,48,,true,"{""1.5x"": 24, ""2x"": 12, ""3x"": 6}",5,true,false,1,2,4.9,{},2025-06-18T18:45:02.695243Z,2025-06-18T18:45:02.695243Z
